{
  "train_size": 4000,
  "test_size": 1000,
  "n_labels": 2059,
  "metrics": {
    "micro_f1": 0.02509313994550038,
    "macro_f1": 0.04276765289875715,
    "samples_f1": 0.02522468283487582,
    "hamming_loss": 0.09747790189412336
  }
}